sample	protocol	chr1	chr2	chr3	chr4	chr5	chr6	chr7	chr8	chr9	chr10	chr11	chr12	chr13	chr14	chr15	chr16	chr17	chr18	chr19	chr20	chr21	chr22	X	Y
Ind_1_1	Protocol 1	7471	7955	6581	6144	5983	5704	5084	4872	3684	4440	4377	4338	3224	2937	2665	2662	2563	2506	1854	2135	1151	1209	4725	5
Ind_1_2	Protocol 1	4248	4206	3367	2968	3039	2888	2735	2476	2129	2413	2439	2399	1572	1678	1490	1609	1565	1274	1200	1290	631	760	2382	2
Ind_3_1	Protocol 1	9839	9935	7947	6918	7094	6847	6300	5913	4754	5722	5783	5557	3738	3725	3466	3734	3736	3187	2934	2940	1487	1779	2968	235
Ind_4_1	Protocol 1	34248	35719	29423	26958	26557	25109	22975	21871	16974	20264	19993	20138	14524	13491	12337	12221	12274	11299	9227	9970	5193	5707	21254	12
Ind_5_1	Protocol 1	2306	2357	2029	1791	1813	1657	1576	1461	1171	1385	1413	1374	958	884	829	910	902	798	655	709	356	397	1484	1
Ind_6_1	Protocol 1	58317	59471	48482	43163	43211	41308	38218	36159	28605	33971	34112	33669	22905	22505	21152	22033	22094	18982	16478	17349	8866	10206	17742	1576
Ind_7_1	Protocol 1	3	3	2	2	6	4	2	0	1	5	2	2	1	4	1	1	2	0	2	3	1	0	2	0
Ind_7_2	Protocol 1	11098	11528	9380	8495	8376	8117	7300	7024	5559	6614	6426	6375	4510	4281	4009	4161	4202	3687	2978	3270	1655	1883	3471	285
Ind_9_1	Protocol 1	36039	37919	30481	27936	27719	26142	23895	22639	17936	21556	21063	21140	14584	13984	12760	13146	13237	11841	9784	10516	5568	6021	22375	15
Ind_10_1	Protocol 1	0	0	0	1	1	1	0	2	0	0	0	0	0	0	0	0	0	1	0	0	0	0	0	0
Ind_11_1	Protocol 1	8	9	1	4	5	3	3	4	4	2	3	5	7	2	2	1	4	2	1	1	0	0	2	0
Ind_12_1	Protocol 1	4	4	5	3	4	6	2	3	2	1	3	2	1	2	3	5	2	1	2	0	0	1	2	0
Ind_13_1	Protocol 1	12	15	15	7	9	10	10	5	7	8	3	4	3	5	4	3	3	0	1	3	0	1	4	0
Ind_13_2	Protocol 1	8	5	1	5	7	5	2	6	3	1	2	4	3	0	3	4	3	3	1	2	0	0	5	0
Ind_15_1	Protocol 1	298	297	241	239	227	211	198	203	120	176	154	160	107	120	113	72	105	79	66	80	45	53	166	0
Ind_15_2	Protocol 1	0	7	1	3	3	3	5	1	1	4	3	2	2	2	1	3	1	1	1	0	0	0	2	1
Ind_17_1	Protocol 1	999	1054	798	745	776	726	636	598	542	613	564	578	361	376	374	351	392	335	271	299	160	151	298	26
Ind_18_1	Protocol 1	507	511	476	397	426	396	345	322	261	258	297	268	203	193	184	173	160	186	126	157	86	70	344	0
Ind_18_2	Protocol 1	49971	52591	43031	39695	38370	36277	33470	31610	24941	29791	29446	29297	20590	19561	17819	18075	18340	16490	13817	14761	7834	8466	31057	41
Ind_20_1	Protocol 1	2363	2536	2092	1975	1836	1741	1617	1542	1140	1394	1410	1420	1012	926	844	842	831	834	623	698	313	359	753	64
Ind_20_2	Protocol 1	92073	95228	78602	72462	70319	67088	60717	58242	45393	54227	53944	53291	38025	35990	33147	33514	33873	30493	25043	26937	14204	15353	28886	2416
Ind_22_1	Protocol 1	123987	128295	105390	96412	93573	89764	81669	76806	61317	72646	73024	71576	50120	48630	44633	45210	46231	40030	34302	36694	18741	21498	38902	3396
Ind_23_1	Protocol 1	1461	1721	1321	1296	1179	1162	1016	1004	716	885	969	923	705	626	558	544	510	529	398	435	255	237	997	0
Ind_24_1	Protocol 1	8501	8710	6895	6434	6285	5982	5452	5285	4056	4974	4838	4809	3402	3277	2939	2972	3099	2669	2313	2338	1276	1405	5116	2
Ind_24_2	Protocol 1	113735	118397	96642	88181	86247	82732	75126	72134	55744	67289	67653	66175	46514	44506	40594	41571	42184	37490	31730	33541	17820	19603	68728	92
Ind_26_1	Protocol 1	10901	11606	9597	8797	8384	8328	7301	7020	5500	6357	6382	6319	4673	4355	3976	3970	3815	3700	2770	3095	1758	1786	3517	320
Ind_27_1	Protocol 1	33809	35501	29393	27270	26260	25331	22771	21554	16912	19993	20036	19851	13846	13354	12173	12101	12122	11276	8911	9771	5165	5504	21528	15
Ind_28_1	Protocol 1	27	23	32	23	16	15	14	11	10	11	15	16	9	4	8	11	4	7	9	7	5	3	8	2
Ind_29_1	Protocol 1	40	31	11	18	13	20	13	11	13	8	21	26	12	11	10	17	8	12	14	16	2	8	12	0
Ind_30_1	Protocol 1	618	648	519	479	512	467	458	420	298	332	392	329	246	238	234	205	205	223	165	192	100	118	398	1
Ind_31_1	Protocol 1	3337	3649	2957	2707	2744	2633	2369	2265	1685	2080	2061	2078	1460	1414	1288	1223	1245	1173	907	999	587	587	1117	85
Ind_32_1	Protocol 1	3806	4036	3189	2848	2983	2769	2465	2311	1839	2204	2187	2137	1552	1472	1346	1326	1351	1298	956	1144	588	628	2341	1
Ind_33_1	Protocol 1	267	317	252	249	194	199	202	196	132	187	175	165	111	105	93	102	83	97	71	74	46	45	179	1
Ind_34_1	Protocol 1	5957	6313	5148	4719	4743	4405	3926	3821	2977	3626	3510	3418	2454	2307	2140	2206	2184	2035	1563	1779	906	915	1859	148
Ind_34_2	Protocol 1	6323	6520	5180	4279	4555	4355	4038	3967	3259	3842	3932	3674	2333	2457	2332	2612	2644	2017	2166	2102	1005	1321	1726	165
Ind_36_1	Protocol 1	12911	13672	11028	10336	10080	9613	8741	8195	6573	7761	7607	7399	5237	5029	4741	4657	4655	4234	3452	3723	1996	2156	8022	4
Ind_37_1	Protocol 1	819	762	618	501	548	476	487	479	387	537	508	442	247	291	286	335	343	243	262	272	140	184	396	0
Ind_38_1	Protocol 1	20872	22190	18388	17110	16495	15870	14088	13457	10161	12207	12350	12267	8855	8050	7310	7270	7204	6962	5158	5816	3194	3082	13540	15
Ind_39_1	Protocol 1	11205	12002	9891	8897	8594	8278	7602	7086	5523	6745	6736	6587	4584	4344	4083	4097	4108	3804	3020	3356	1755	1906	3392	286
Ind_40_1	Protocol 1	5	7	13	12	14	10	4	5	8	6	5	8	7	9	4	5	4	5	5	5	2	7	2	2
Ind_40_2	Protocol 1	12	9	7	12	8	11	9	7	2	10	3	8	5	8	3	6	9	1	2	3	2	4	5	0
Ind_42_1	Protocol 1	40591	42780	34533	31603	31269	29964	27129	25417	20265	24094	23872	23650	16608	15873	14784	14931	15122	13247	11086	12104	6273	7059	12619	1100
Ind_43_1	Protocol 1	86043	89280	72901	65669	64861	62449	56547	53374	42883	50961	50583	49508	34827	33229	30749	31993	32656	28103	24503	25617	13047	15505	51409	70
Ind_44_1	Protocol 1	58425	61212	50337	45300	44509	43123	38849	36875	29082	34535	34513	34390	24005	22908	21499	21503	21930	19407	16712	17276	9058	9886	18346	1564
Ind_45_1	Protocol 1	4	9	6	2	5	3	5	4	9	6	6	3	1	3	2	3	2	1	4	3	1	0	8	1
Ind_45_2	Protocol 1	173	165	118	104	92	109	94	117	67	92	91	108	65	71	70	65	74	39	51	54	21	32	100	0
Ind_47_1	Protocol 1	5888	6327	5051	4818	4636	4456	3904	3834	3011	3521	3575	3506	2523	2268	2163	2302	2127	1975	1651	1726	1041	945	3880	3
Ind_48_1	Protocol 1	67797	70275	57380	52429	51859	49297	44586	42402	33185	39788	40002	39289	27871	26261	24424	24831	24886	22348	18463	19816	10473	11526	21116	1912
Ind_49_1	Protocol 1	3254	3529	2847	2529	2523	2465	2275	2022	1615	1968	1947	1932	1318	1359	1190	1297	1215	1107	965	923	497	573	995	80
Ind_50_1	Protocol 1	192269	197276	160946	145629	143905	137864	126178	118342	94854	113003	113060	110978	76389	74897	68926	72091	73251	62251	56634	57426	29622	33932	59097	5158
Ind_51_1	Protocol 1	99436	103854	84346	77863	75668	72951	66546	62602	49351	59213	59076	58242	40393	39430	35772	36684	37044	32874	27859	29134	15479	17105	60294	81
Ind_52_1	Protocol 1	7096	7135	5917	5056	5115	5092	4659	4354	3458	4307	4121	3986	2793	2680	2577	2793	2704	2367	2066	2162	1030	1264	4093	4
Ind_53_1	Protocol 1	648	687	565	508	524	521	409	438	352	404	433	399	283	245	218	251	237	240	196	220	118	107	403	0
Ind_54_1	Protocol 1	174	183	133	116	132	115	122	92	77	98	83	85	54	73	51	57	62	53	46	51	22	28	46	11
Ind_55_1	Protocol 1	2014	2273	1944	1924	1657	1592	1359	1400	1120	1225	1226	1207	933	843	721	716	680	773	453	548	331	292	723	50
Ind_56_1	Protocol 1	6252	6541	5454	4976	4811	4537	4125	4057	3123	3650	3614	3575	2701	2544	2166	2296	2187	2045	1561	1834	1040	926	2096	210
Ind_57_1	Protocol 1	2081	2073	1660	1544	1481	1396	1292	1260	998	1181	1172	1100	807	763	717	789	750	626	591	601	333	328	1226	3
Ind_58_1	Protocol 1	870	874	721	565	624	591	580	536	419	490	525	491	359	364	314	342	369	287	276	271	140	178	254	25
Ind_59_1	Protocol 1	142490	146763	119738	108610	106607	102429	93893	88692	70464	83778	83128	82714	56517	55416	51404	53663	54208	46131	41017	41899	21975	24989	43725	3883
Ind_60_1	Protocol 1	16998	17329	14118	12947	12656	12109	11141	10702	8414	10204	9848	9709	6710	6460	6127	6472	6385	5385	4970	5145	2603	3018	10300	9
Ind_61_1	Protocol 1	1930	1981	1595	1499	1453	1453	1238	1201	944	1118	1116	1088	761	724	674	674	675	609	485	493	295	279	565	56
Ind_62_1	Protocol 1	14480	14899	12110	11007	10685	10431	9339	8908	7166	8547	8333	8408	5778	5670	5122	5286	5462	4651	3997	4277	2214	2355	8582	9
Ind_63_1	Protocol 1	17648	18624	15256	14012	13850	13136	11685	11084	8587	10150	10332	10340	7518	6843	6426	6279	6411	5745	4515	5111	2751	2840	10771	65
Ind_64_1	Protocol 1	4838	4914	4097	3622	3577	3500	3070	3032	2392	2875	2899	2834	1952	1935	1713	1815	1823	1584	1373	1477	734	818	2817	4
Ind_65_1	Protocol 1	680	657	561	535	483	494	446	388	339	423	401	397	288	270	268	232	225	220	188	198	100	100	405	2
Ind_66_1	Protocol 1	31241	31224	24605	21185	21657	20796	19850	18526	15516	18612	18342	17204	11452	11825	11187	12503	12995	9558	10298	10037	4810	6735	8639	742
Ind_67_1	Protocol 1	3964	4244	3496	3190	3022	2948	2565	2514	1908	2358	2293	2387	1663	1603	1398	1499	1414	1397	1041	1144	592	704	1189	103
Ind_68_1	Protocol 1	0	3	3	1	3	0	6	2	4	0	2	4	1	1	0	2	1	0	1	1	0	0	1	0
Ind_69_1	Protocol 1	48917	49696	40485	36237	35840	34992	31761	29941	23943	28530	28720	28089	18468	18795	17875	18468	18427	15532	13893	14655	7475	8852	29094	21
Ind_70_1	Protocol 1	21	11	8	4	5	11	4	2	6	5	4	6	2	5	4	3	3	6	5	2	0	2	9	0
Ind_71_1	Protocol 1	5735	6278	5250	4763	4748	4340	4017	3797	2995	3458	3465	3468	2549	2421	2029	2137	2130	2082	1487	1677	949	913	5753	3
Ind_72_1	Protocol 1	9261	9691	7977	7101	7060	6887	6258	5737	4698	5504	5716	5559	3811	3618	3235	3443	3424	3135	2509	2858	1455	1579	2873	263
Ind_73_1	Protocol 1	20234	20670	17075	15351	15348	14639	13070	12433	9906	11738	11924	11707	8042	7744	7275	7355	7598	6533	5544	5917	3144	3431	6374	559
Ind_74_1	Protocol 1	5	4	5	2	4	4	4	4	2	9	3	7	3	4	4	4	5	0	1	1	1	1	1	1
Ind_75_1	Protocol 1	130	153	91	89	98	86	85	80	63	83	69	59	51	61	37	59	39	50	29	41	21	27	76	2
Ind_76_1	Protocol 1	3989	4216	3445	3139	3153	3017	2765	2671	1985	2346	2421	2443	1628	1598	1523	1467	1400	1303	1022	1183	602	643	2557	4
Ind_77_1	Protocol 1	35207	35401	28497	24748	25292	24158	22574	21315	16940	20823	20722	19799	13113	13258	12825	13634	13602	11269	10472	10970	5333	6576	20428	16
Ind_78_1	Protocol 1	17357	17830	14594	13136	13159	12402	11520	10772	8418	10128	10117	9783	6793	6826	6343	6504	6702	5631	4994	5316	2653	3194	5338	446
Ind_79_1	Protocol 1	430	441	335	334	297	285	303	267	214	243	227	205	148	165	148	176	170	135	121	122	57	80	107	14
Ind_80_1	Protocol 1	2572	2689	2191	1998	2087	1914	1690	1610	1218	1460	1494	1491	1010	974	878	898	886	826	607	673	427	395	1566	3
Ind_81_1	Protocol 1	16	16	12	10	13	9	12	14	13	15	10	12	6	9	4	11	3	3	4	5	5	7	8	0
Ind_82_1	Protocol 1	739	829	671	659	621	601	552	499	353	455	490	510	315	327	297	295	278	270	201	247	114	136	492	0
Ind_83_1	Protocol 1	67	67	67	51	55	42	53	39	36	59	37	49	34	26	23	30	28	26	19	16	13	10	24	3
Ind_84_1	Protocol 1	1312	1303	1118	959	972	947	878	828	645	833	836	745	520	519	457	492	567	419	384	383	212	244	810	3
Ind_85_1	Protocol 1	34991	36382	29733	27383	26631	25721	23260	21833	17254	20462	20557	20126	14283	13582	12612	12558	12494	11365	9082	10050	5376	5732	21404	18
Ind_86_1	Protocol 1	958	1034	840	727	707	775	687	594	497	574	583	540	413	378	387	358	351	317	248	298	134	169	580	2
Ind_87_1	Protocol 1	5383	5414	4284	3680	3830	3635	3366	3350	2784	3182	3256	2997	1958	2060	1912	2194	2362	1716	1841	1818	857	1127	1533	119
Ind_88_1	Protocol 1	222	217	155	194	217	159	147	164	111	131	143	122	86	75	95	79	76	87	63	53	43	37	128	0
Ind_89_1	Protocol 1	58857	59655	48732	42556	42912	40990	38146	36009	28871	34326	34567	33698	22802	22497	21363	22318	22796	18941	17366	18069	9011	10843	17637	1531
Ind_90_1	Protocol 1	44001	45676	37074	33546	33354	31630	29102	27653	21714	25702	26074	25586	17707	17114	15881	16206	16315	14274	12125	13020	6723	7561	13482	1155
Ind_91_1	Protocol 1	438	456	371	288	331	310	261	243	245	256	250	267	165	178	184	212	201	155	177	128	80	102	198	1
Ind_92_1	Protocol 1	9	4	2	2	5	5	3	4	5	3	5	4	0	2	5	3	2	1	7	2	1	4	3	1
Ind_93_1	Protocol 1	5749	5966	4862	4569	4277	4276	3797	3707	2833	3518	3281	3274	2329	2243	2085	2042	2170	1907	1575	1703	886	945	3537	2
Ind_94_1	Protocol 1	22723	23956	19645	17842	17523	16718	15049	14273	11371	13524	13433	13239	9285	9067	8322	8389	8382	7631	6295	6629	3650	3880	14273	10
Ind_95_1	Protocol 1	5479	5716	4672	4122	4122	3916	3628	3408	2722	3222	3268	3076	2215	2095	1929	2000	1992	1771	1474	1646	821	863	3352	2
Ind_96_1	Protocol 1	14128	14740	12052	10807	10896	10181	9424	8985	7031	8237	8174	8134	5524	5542	5116	5347	5283	4648	3953	4179	2152	2394	8510	12
Ind_97_1	Protocol 1	37	30	34	25	23	20	29	28	26	29	29	25	16	25	16	19	17	23	17	13	7	6	10	0
Ind_98_1	Protocol 1	74903	78990	65394	60050	57826	55144	49968	47738	36958	44345	44482	43634	31275	30002	26553	27142	26348	25273	19138	21667	11723	11928	23785	2094
Ind_98_2	Protocol 1	52774	55814	46283	42326	41234	39392	35675	34341	26368	31502	31912	31293	22464	21340	18996	18996	18653	18085	13153	15261	8268	8248	16978	1477
Ind_100_1	Protocol 1	60482	62847	51218	46642	45710	43676	39802	37495	30034	35418	35702	35008	24325	23343	21635	21952	22175	19716	16292	17814	9438	10080	18567	1598
Ind_100_2	Protocol 1	1778	1905	1564	1468	1371	1273	1174	1155	892	1043	977	1013	706	747	608	576	613	628	436	514	296	281	553	51
Ind_102_1	Protocol 1	38036	40523	33141	30187	29295	28002	25782	24625	18993	22426	22684	22355	16124	15040	13518	13153	13161	12984	9220	10777	5821	5887	12473	1164
Ind_102_2	Protocol 1	53622	57224	46782	43119	41844	39485	36218	34420	26882	31885	31821	32067	22651	21265	18854	19034	18679	18586	13246	15115	8436	8137	17289	1597
Ind_104_1	Protocol 1	53424	56113	46505	42700	41502	39543	35948	34238	26742	31593	31417	31566	22310	21410	19067	19331	18707	18203	13525	15347	8267	8561	16732	1510
Ind_105_1	Protocol 1	22427	23452	19119	17729	17165	16429	14756	14105	11066	13354	13194	13032	9378	8794	8161	8242	8369	7388	6162	6523	3529	3776	6966	577
Ind_106_1	Protocol 1	12644	13137	10939	9918	9851	9189	8471	8033	6412	7416	7579	7570	5272	4949	4498	4676	4589	4212	3437	3712	1956	2106	7835	7
Ind_107_1	Protocol 1	9899	10577	8680	8055	7940	7414	6547	6281	5130	6034	5847	5894	4272	3926	3554	3579	3613	3324	2580	2896	1537	1663	6285	2
Ind_108_1	Protocol 1	16137	16763	13600	12535	12471	11661	10587	10040	7906	9511	9601	9293	6321	6179	5743	5871	5921	5355	4250	4661	2475	2680	4914	429
Ind_108_2	Protocol 1	11170	11761	9548	8436	8241	8301	7241	6702	5588	6464	6525	6425	4461	4320	4009	4158	4141	3740	3099	3288	1751	1968	3419	312
Ind_110_1	Protocol 1	16842	17692	14811	13356	13190	12309	11231	10917	8387	10203	9993	9730	7008	6600	6054	6304	6010	5599	4477	4937	2601	2768	10255	6
Ind_111_1	Protocol 1	6197	6497	5321	4615	4577	4470	3978	3884	2919	3633	3578	3576	2445	2365	2164	2218	2266	2031	1594	1767	932	1076	1879	153
Ind_112_1	Protocol 1	27823	28776	23444	21273	21074	19949	18285	17285	13861	16580	16158	16212	11052	10996	9949	10458	10367	8974	7804	8413	4189	4905	16779	15
Ind_112_2	Protocol 1	4299	4425	3560	3235	3215	3159	2821	2720	2077	2551	2634	2560	1756	1660	1564	1563	1540	1366	1150	1256	690	702	2518	2
Ind_114_1	Protocol 1	3169	3471	2823	2570	2467	2387	2090	2007	1595	1927	1901	1854	1307	1256	1176	1149	1154	1036	818	875	459	540	1982	1
Ind_115_1	Protocol 1	7899	8771	7066	6568	6314	6088	5569	5158	4031	4782	4758	4862	3271	3259	2870	2826	2893	2778	1906	2440	1186	1335	5014	3
Ind_115_2	Protocol 1	8398	8936	7275	6655	6510	6172	5681	5338	4208	4826	4902	4909	3466	3419	3121	3043	2886	2786	2093	2313	1295	1398	4935	2
Ind_117_1	Protocol 1	61763	66242	54697	50197	48921	46011	42076	40157	30655	36918	36909	36816	26034	24639	22099	21949	21634	20944	15629	17842	9677	9575	38715	33
Ind_118_1	Protocol 1	136947	142893	117490	108016	105418	100055	90131	86137	67188	80320	81340	78865	55847	53208	48912	48821	49479	45139	37192	39858	21390	22578	84662	65
Ind_119_1	Protocol 1	61946	63945	52526	47960	46846	44418	40157	38777	30347	36208	36276	35835	24697	24337	22245	22776	22712	20497	16832	18081	9478	10379	19229	1634
Ind_120_1	Protocol 1	1412	1456	1168	1075	1049	1019	961	863	686	823	862	778	526	556	531	548	476	461	418	407	213	244	420	36
Ind_121_1	Protocol 1	1872	1899	1628	1517	1428	1278	1195	1206	955	1026	1117	1079	759	775	696	708	676	621	465	541	239	288	1102	1
Ind_122_1	Protocol 1	39049	40635	33537	30942	29791	28827	25570	24505	19468	22838	23123	22290	15953	15233	14195	13938	14150	12694	10663	11499	5933	6464	24691	19
Ind_123_1	Protocol 1	4689	5029	4099	3757	3569	3517	3175	2893	2286	2691	2793	2705	1935	1824	1720	1638	1645	1516	1121	1312	765	709	1483	120
Ind_124_1	Protocol 1	6900	7209	6020	5516	5394	5143	4733	4383	3365	4188	4060	4152	2962	2770	2391	2580	2552	2323	1771	1972	1105	1108	2253	196
Ind_125_1	Protocol 1	9219	9508	7472	6811	6768	6560	5902	5689	4363	5424	5366	5204	3787	3539	3236	3356	3389	3003	2520	2697	1370	1566	2873	243
Ind_126_1	Protocol 1	1264	1301	1051	970	943	950	886	798	609	732	731	667	480	491	419	445	429	407	309	365	201	196	419	36
Ind_127_1	Protocol 1	366	336	323	308	266	233	259	226	173	225	208	215	161	129	124	128	137	133	87	102	51	51	221	0
Ind_128_1	Protocol 1	28239	30246	25198	22777	22304	21157	19161	18141	14062	16682	16770	16877	11883	11516	10191	10028	10154	9740	7106	8119	4402	4458	17517	9
Ind_129_1	Protocol 1	19669	20752	16985	15819	15219	14729	13129	12344	9666	11392	11551	11623	8289	7781	7185	6886	6811	6547	4762	5605	3009	3071	6520	525
Ind_130_1	Protocol 1	56772	58976	48152	44040	42984	41454	37645	35209	28199	33455	33348	32855	22948	21770	20379	20528	20993	18649	15663	16846	8742	9678	17285	1553
Ind_131_1	Protocol 1	16219	16505	13368	12086	12083	11637	10461	9992	7900	9499	9474	9297	6413	6328	5928	5936	6051	5149	4678	4760	2455	2866	9567	3
Ind_132_1	Protocol 1	27360	28232	22705	20929	20616	19463	17699	16921	13474	16013	16114	15522	10956	10497	9916	10266	10285	9126	7736	8234	4006	4863	8451	656
Ind_133_1	Protocol 1	71932	73467	59890	54467	53396	50902	47356	44530	35662	42418	42193	41690	28364	27713	25599	26693	27132	23158	20694	21405	11082	12718	21747	1873
Ind_134_1	Protocol 1	58080	59256	48393	43549	43230	41423	38475	35768	28816	34146	34091	33415	23202	22762	20960	21269	21790	18729	16326	17401	8851	10000	34774	33
Ind_135_1	Protocol 1	47148	49160	40906	37680	36025	34541	31588	29819	23317	27739	27783	27526	19684	18479	16384	16452	16479	15648	11469	13490	7440	7290	28985	31
Ind_136_1	Protocol 1	7522	7944	6339	5814	5709	5519	4985	4566	3811	4498	4607	4433	3115	3016	2732	2811	2891	2497	2137	2239	1145	1298	4458	3
Ind_137_1	Protocol 1	16596	17533	14194	13000	12849	12000	10949	10671	8302	9844	9791	9565	6936	6627	5926	6110	6145	5546	4454	5098	2512	2798	5074	439
Ind_138_1	Protocol 1	25990	26613	22002	19850	19534	18738	16947	16072	12851	14987	15009	14674	10666	9800	9369	9178	9714	8364	7064	7500	3878	4300	7917	705
Ind_139_1	Protocol 1	23852	24941	20305	18380	17920	17395	15547	15048	11890	14005	13979	13847	9837	9207	8513	8594	8453	7685	6210	7063	3630	4028	7421	679
Ind_140_1	Protocol 1	34160	35298	29375	27009	26369	24904	22545	21359	16869	19901	19960	19645	14046	13403	12086	12211	12230	11212	8828	9810	5192	5491	10711	944
Ind_141_1	Protocol 1	6317	6517	5296	4760	4723	4588	4162	3996	3070	3806	3660	3680	2548	2475	2238	2234	2256	2101	1561	1858	993	1045	3833	2
Ind_142_1	Protocol 1	16597	17042	13830	12622	12383	11943	10829	10390	8198	9780	9794	9603	6465	6378	6027	6185	6249	5297	4781	5029	2488	3053	9966	7
Ind_143_1	Protocol 1	19	28	17	17	20	15	10	8	10	8	6	13	6	6	6	6	6	6	6	6	4	6	8	0
Ind_143_2	Protocol 1	73	79	67	55	65	51	56	37	44	47	47	51	28	27	31	39	26	26	22	26	8	14	43	3
Ind_145_1	Protocol 1	29079	30086	24237	22381	21959	21051	18976	18155	14690	17330	17319	16880	11482	11365	10426	11010	11329	9474	8656	8756	4578	5173	8904	809
Ind_146_1	Protocol 1	798	881	698	680	672	587	558	544	401	454	472	451	326	305	265	309	271	294	158	227	110	102	506	0
Ind_147_1	Protocol 1	144728	148921	121997	110978	108805	104422	95557	90268	71336	84855	84612	83411	57793	56256	51785	54290	54099	46969	41197	42504	22219	25095	44918	4037
Ind_148_1	Protocol 1	8	5	10	5	0	4	5	3	7	6	10	5	2	7	2	5	3	1	7	4	3	1	2	0
Ind_149_1	Protocol 1	1309	1259	951	953	979	860	805	772	607	726	692	717	478	446	471	547	526	422	387	376	178	300	484	27
Ind_149_2	Protocol 1	39179	40457	33229	30078	29890	28540	26118	24589	19601	22997	23542	22873	16089	15700	14015	14626	14659	12964	11032	11582	6070	6649	12297	1090
Ind_151_1	Protocol 1	12439	12868	10668	9666	9216	8923	8224	7957	6120	7309	7415	7095	5125	4998	4508	4676	4477	4054	3338	3646	1945	1998	3879	324
Ind_152_1	Protocol 1	8859	9141	7485	6783	6767	6405	5810	5508	4332	5115	5157	5039	3550	3474	3011	3327	3382	2901	2341	2580	1356	1493	2752	231
Ind_153_1	Protocol 1	18810	18962	15181	13674	13644	13235	12148	11387	9204	10911	11196	10690	7277	7209	6741	7153	7223	6010	5635	5694	2852	3500	10924	8
Ind_154_1	Protocol 1	285	314	264	200	236	210	200	174	145	168	188	159	123	116	113	113	106	102	84	93	41	47	165	0
Ind_155_1	Protocol 1	3438	3635	2853	2645	2548	2485	2171	2104	1746	1988	1939	2003	1396	1309	1204	1193	1182	1119	984	995	538	558	2098	0
Ind_156_1	Protocol 1	13434	13913	11384	10544	10180	9621	8920	8292	6594	7727	7883	7709	5435	5185	4742	4912	5044	4410	3754	3875	2018	2304	8010	4
Ind_157_1	Protocol 1	21751	22977	18549	17170	16895	16075	14457	13701	10626	12950	12918	12573	8977	8731	7916	7948	8090	7215	5826	6168	3361	3538	6937	651
Ind_158_1	Protocol 1	5608	5855	4710	4192	4094	4016	3595	3468	2862	3337	3338	3273	2119	2287	1990	2180	2222	1821	1737	1728	907	1031	1759	124
Ind_159_1	Protocol 1	33734	34426	28122	25588	24889	24025	22063	21016	16579	19640	19880	19259	13232	13229	12275	12724	12677	10768	9740	10047	5104	5878	12824	910
Ind_160_1	Protocol 1	43294	44646	36267	32868	32598	31182	28630	26865	21430	25553	25667	25208	17236	16863	15587	15938	16182	14088	12389	13048	6745	7633	13338	1104
Ind_161_1	Protocol 1	5565	5569	4701	4169	4129	3946	3507	3481	2773	3279	3144	3080	2205	2112	1983	2030	2075	1832	1545	1628	840	962	3405	2
Ind_162_1	Protocol 1	14868	15391	12619	11084	11256	10720	9781	9194	7454	8777	8694	8691	5980	5980	5203	5414	5484	4805	4180	4376	2211	2534	4562	416
Ind_163_1	Protocol 1	48593	49606	40093	36131	36065	34243	31707	30267	24282	28979	28607	27791	19159	18984	17350	18421	18181	16126	13795	14675	7463	8582	14733	1223
Ind_164_1	Protocol 1	13159	13481	10843	9975	9687	9077	8583	7983	6430	7790	7926	7603	5234	5054	4639	4841	4936	4245	3724	3991	2028	2357	4075	382
Ind_165_1	Protocol 1	14301	15356	12404	11303	11039	10405	9584	9199	7270	8687	8533	8437	5974	5636	5275	5337	5297	4857	3992	4234	2205	2427	9038	8
Ind_166_1	Protocol 1	164	180	138	148	137	121	124	116	89	114	95	102	81	76	60	46	44	50	51	49	28	29	54	4
Ind_166_2	Protocol 1	114	116	94	85	89	84	101	75	67	74	67	59	48	54	42	31	33	33	39	37	15	25	49	6
Ind_168_1	Protocol 1	5190	5261	4395	3643	3817	3676	3390	3273	2618	3089	3052	2978	2038	1986	1827	2034	2028	1713	1550	1596	818	955	3046	2
Ind_169_1	Protocol 1	2353	2448	2017	1780	1803	1704	1556	1424	1197	1489	1482	1337	971	978	826	950	915	749	716	729	377	387	1396	2
Ind_170_1	Protocol 1	10381	10467	8409	7737	7560	7170	6629	6265	5048	6016	5961	5970	3983	3978	3589	3874	3909	3271	2908	3084	1555	1790	3023	239
Ind_171_1	Protocol 1	11	7	10	4	5	6	9	8	2	5	4	2	2	2	4	2	4	3	4	3	1	4	4	0
Ind_172_1	Protocol 1	11645	11979	9882	8765	8744	8444	7697	7375	5866	7059	7033	6707	4607	4625	4242	4616	4605	3801	3586	3656	1830	2230	3604	273
Ind_173_1	Protocol 1	6706	6700	5617	5094	4949	4846	4387	4266	3352	4005	3960	4041	2679	2635	2401	2602	2601	2223	2129	2088	1100	1281	2036	159
Ind_174_1	Protocol 1	83130	85434	69991	63059	62460	60049	54561	51905	41392	48805	49062	48195	32959	32500	29858	31039	31578	27277	24011	24982	12779	14585	24842	2249
Ind_175_1	Protocol 1	9881	9867	8107	7467	7420	7118	6254	6059	4881	5778	5876	5621	4001	3821	3504	3639	3689	3193	2731	2980	1602	1704	2838	270
Ind_176_1	Protocol 1	46854	47311	38155	34862	34043	32852	30398	28965	23221	27382	27692	26576	18036	18209	16711	17787	18245	15089	14533	14033	7140	8698	27367	28
Ind_177_1	Protocol 1	83023	84270	67716	60508	60524	57924	54218	50627	41262	49348	49127	47376	32070	32178	29786	32334	33271	26550	25859	25511	12848	15846	24230	2150
Ind_178_1	Protocol 1	14881	15095	12367	10783	10928	10617	9649	9000	7567	8783	8771	8593	5803	5948	5503	5987	5980	4782	4656	4637	2300	2814	8834	10
Ind_179_1	Protocol 1	20402	21106	17129	15567	15247	14534	13223	12690	10102	11862	12050	11599	8107	7965	7234	7615	7656	6762	5942	5988	3053	3618	12020	11
Ind_180_1	Protocol 1	1158	1152	1005	879	893	835	757	760	596	718	725	718	444	434	437	462	442	396	320	357	181	236	339	32
Ind_181_1	Protocol 1	98266	101036	82310	74549	72960	70395	65036	60713	48555	58054	58112	57096	39140	38429	35475	37083	37241	32201	28773	29358	14993	17602	59249	84
Ind_182_1	Protocol 1	22423	22866	18105	16296	16307	15654	14729	13688	11258	13094	13459	12530	8551	8748	8054	8729	9069	7110	7027	6980	3487	4340	6696	593
Ind_183_1	Protocol 1	2767	2858	2279	2086	2120	1957	1839	1711	1405	1615	1648	1568	1097	977	971	1029	1188	832	853	841	464	515	832	62
Ind_184_1	Protocol 1	2679	2747	2348	2094	2037	1940	1792	1706	1367	1570	1553	1579	1136	1068	1005	1045	1022	886	767	826	385	452	792	61
Ind_185_1	Protocol 1	17848	18297	14762	13334	13269	12718	11903	11061	8890	10578	10565	10117	6995	7108	6336	6731	6986	5792	5367	5382	2639	3255	15775	5
Ind_186_1	Protocol 1	25233	25521	20956	18921	18545	17911	16512	15667	12710	14894	14714	14312	9979	9894	9033	9454	9481	8213	7108	7685	3818	4587	15042	11
Ind_187_1	Protocol 1	34257	35024	28238	25165	25003	24136	22279	20997	17043	20313	20257	19467	13200	13163	12388	12909	13207	11171	10466	10187	5295	6437	20083	13
Ind_188_1	Protocol 1	14715	15032	12065	10810	10651	10374	9578	8848	7418	8519	8665	8357	5855	5838	5187	5442	5744	4695	4293	4517	2174	2683	8498	6
Ind_189_1	Protocol 1	69108	71213	58645	53356	52058	50452	45516	43301	34411	41054	40884	39435	28201	27174	24523	25555	25392	22995	19040	20387	10849	11860	20920	1766
Ind_190_1	Protocol 1	14	15	18	7	17	11	10	13	2	7	8	7	3	10	6	10	6	4	2	7	2	5	7	0
Ind_191_1	Protocol 1	32749	32724	26188	23209	23564	22514	20720	19650	16015	19051	19057	18222	12306	12439	11712	12687	13031	10028	10268	10019	4879	6314	9393	790
Ind_192_1	Protocol 1	1454	1542	1298	1203	1140	1050	1009	956	719	870	881	866	604	608	520	513	485	476	391	474	224	239	875	1
Ind_193_1	Protocol 1	91	95	81	78	57	52	59	66	45	51	65	60	40	41	28	33	22	27	18	24	12	17	67	0
Ind_194_1	Protocol 1	21540	22291	18532	16657	16608	15775	14193	13669	10832	12841	12741	12380	8986	8558	7795	8058	8194	7084	5949	6363	3298	3723	6744	545
Ind_195_1	Protocol 1	937	1007	814	777	750	705	681	637	469	541	557	528	391	391	346	324	316	321	240	269	157	155	569	0
Ind_196_1	Protocol 1	4744	4836	3909	3535	3498	3358	3079	2891	2340	2857	2832	2754	1884	1850	1661	1803	1682	1583	1302	1366	704	822	2750	1
Ind_197_1	Protocol 1	470	464	354	364	339	314	308	305	197	279	278	255	199	158	154	158	159	146	123	151	58	76	249	1
Ind_198_1	Protocol 1	197	165	159	140	141	121	101	112	76	100	101	84	71	67	53	63	72	57	47	49	30	24	40	3
Ind_199_1	Protocol 1	1	3	2	2	4	6	5	3	3	1	6	2	0	0	1	2	3	2	2	4	0	0	2	0
Ind_200_1	Protocol 1	281	305	231	206	234	204	185	180	149	171	157	194	119	98	99	101	111	89	100	86	44	61	92	8
Ind_201_1	Protocol 1	1	6	2	1	1	3	4	0	0	0	2	2	0	1	0	0	3	0	0	2	0	0	1	0
Ind_202_1	Protocol 1	5	4	7	2	5	4	6	0	2	4	5	6	0	5	1	2	1	2	6	2	0	1	5	0
Ind_203_1	Protocol 1	8	9	7	11	8	10	10	4	9	2	6	5	5	6	2	6	4	2	5	6	2	2	5	0
Ind_204_1	Protocol 1	115	136	88	79	103	97	63	73	64	78	80	59	62	53	33	40	52	36	30	35	17	21	38	6
Ind_205_1	Protocol 1	21	30	18	15	13	20	12	16	9	13	7	9	12	8	4	9	9	7	8	4	5	4	8	0
Ind_206_1	Protocol 1	1592	1756	1419	1310	1288	1206	1073	1091	798	1019	938	994	705	671	618	657	652	566	479	501	229	296	988	0
Ind_207_1	Protocol 1	44453	45613	37179	33067	32586	31626	29024	27730	22045	26101	26313	25463	17423	17363	15854	16706	16853	14504	12667	13440	6804	7866	26585	30
Ind_207_2	Protocol 1	1195	1195	920	915	874	869	781	739	584	755	694	714	507	467	454	460	411	397	346	323	190	215	701	0
Ind_209_1	Protocol 1	27596	28463	23107	21154	20374	19508	17930	17115	13517	16118	16233	15998	10970	10562	9615	10237	10278	8953	7901	7990	4229	4777	16472	28
Ind_209_2	Protocol 1	119	132	91	103	99	103	84	83	47	79	75	75	53	56	44	52	60	30	38	30	19	16	80	1
Ind_211_1	Protocol 1	7	15	5	4	7	5	7	7	4	5	7	3	5	5	4	3	6	3	11	4	0	3	9	0
Ind_212_1	Protocol 1	41624	43029	35184	31965	31285	30033	27617	26224	20787	24452	24469	24001	16985	16364	14957	15768	15616	13757	11688	12366	6441	7221	25050	42
Ind_212_2	Protocol 1	162	175	154	124	135	141	103	113	64	109	116	102	63	78	58	76	65	54	65	60	32	33	95	0
Ind_214_1	Protocol 1	48279	49485	40166	35916	35707	34178	31873	29776	23912	28918	28526	27957	18765	19010	17477	18613	18826	15551	14605	14577	7385	9089	28255	44
Ind_215_1	Protocol 1	84240	86476	70058	63451	62487	60015	54575	52085	41389	49341	49458	48423	33298	32674	30604	31633	32317	26741	24691	25612	12882	15483	25140	2020
Ind_215_2	Protocol 1	232	247	178	170	175	149	145	138	99	125	133	138	74	79	77	72	98	83	73	80	31	39	71	5
Ind_217_1	Protocol 1	808	811	654	594	623	579	505	490	408	501	516	432	362	331	304	307	328	253	246	242	120	156	486	1
Ind_218_1	Protocol 1	39812	40330	32430	28945	29020	27829	25844	24441	19688	23339	23379	22662	15308	15182	14345	15277	15549	12906	12253	11991	6079	7278	11801	1012
Ind_219_1	Protocol 1	39	33	33	24	32	22	30	22	22	31	28	31	14	9	14	14	19	14	12	10	4	5	23	0
Ind_219_2	Protocol 1	9	5	7	4	7	4	5	6	0	3	4	5	5	5	1	6	5	2	10	3	2	0	8	0
Ind_221_1	Protocol 1	37	61	35	28	39	38	36	29	23	36	29	21	16	23	19	17	16	15	14	14	5	10	24	1
Ind_222_1	Protocol 1	166669	169443	137972	123203	123505	118187	108885	101461	82246	97920	97549	95563	64967	64384	60505	63863	64338	53324	50049	50212	25755	30743	99052	126
Ind_223_1	Protocol 1	58493	61239	50319	46147	44693	43066	38416	36489	28833	33794	34280	33747	24308	22606	21059	20713	20801	19362	15076	16971	9032	9524	17726	1469
Ind_224_1	Protocol 1	20639	21697	17748	15965	15874	15116	13573	13041	10258	12157	12352	12060	8406	8017	7546	7656	7716	6821	5639	5932	3152	3528	12881	11
Ind_225_1	Protocol 1	8875	8660	7447	6642	6514	6290	5821	5427	4379	5195	5164	5101	3445	3494	3159	3298	3384	2800	2607	2563	1339	1508	2704	244
Ind_225_2	Protocol 1	12	9	13	13	4	9	11	12	8	10	7	3	4	5	3	4	5	4	0	3	4	2	1	1
Ind_227_1	Protocol 1	100	97	74	79	70	56	58	52	43	59	52	58	49	37	21	40	32	29	21	16	20	20	51	0
Ind_227_2	Protocol 1	18	24	13	18	19	10	22	10	9	9	13	14	4	10	6	5	8	6	2	7	3	4	9	0
Ind_229_1	Protocol 1	3	3	1	2	2	2	2	5	3	4	2	2	2	3	0	3	1	1	3	0	1	1	2	0
Ind_230_1	Protocol 1	32589	33423	27445	24336	24282	23378	21521	20093	16271	19331	19434	18742	12936	12575	11861	12421	12929	10252	10118	9902	5132	6090	19584	13
Ind_231_1	Protocol 1	20	16	16	9	8	12	13	9	4	3	8	4	3	8	9	6	8	3	11	4	1	7	8	0
Ind_232_1	Protocol 1	51736	52430	42581	38742	38076	36393	33715	31952	25410	30465	30516	29813	20201	20140	18851	19882	20062	16594	15252	15622	7885	9503	30006	29
Ind_233_1	Protocol 1	19	24	12	6	9	12	9	5	5	10	20	13	5	10	7	6	5	8	13	5	4	1	7	1
Ind_234_1	Protocol 1	24775	25395	20753	18579	18353	17788	16211	15377	12229	14470	14527	14204	9623	9724	8813	9397	9671	8052	7221	7427	3789	4484	7498	639
Ind_234_2	Protocol 1	1109	1088	881	810	729	789	711	694	552	731	675	618	407	400	391	433	443	353	382	364	153	200	303	31
Ind_236_1	Protocol 1	40523	42145	34100	30794	30422	29467	26992	25260	20145	24054	24221	23676	16183	15923	14462	15095	15420	13173	11759	12108	6343	7076	24538	29
Ind_236_2	Protocol 1	88	77	55	66	61	49	49	56	41	60	48	34	31	30	33	32	31	28	30	24	9	10	44	0
Ind_238_1	Protocol 1	45804	48176	39261	36160	35374	33609	30391	29370	22802	27365	27206	26912	19128	18160	16558	16986	16810	15660	12553	13537	7110	7937	28263	24
Ind_239_1	Protocol 1	20828	21622	17737	16151	15852	15280	13897	13043	10290	12100	12347	12045	8346	8273	7253	7599	7613	6925	5612	6083	3262	3420	6464	508
Ind_239_2	Protocol 1	105	95	66	68	81	72	58	62	54	60	85	61	37	53	40	43	33	29	29	48	21	30	37	3
Ind_241_1	Protocol 1	64604	66469	54174	49683	48530	47013	43043	39927	31765	37928	37729	37341	25896	24918	23144	23980	24261	20982	18398	19019	9797	11109	38880	38
Ind_241_2	Protocol 1	384	398	325	292	272	282	260	235	198	211	224	218	163	150	130	148	150	122	92	113	55	64	240	0
Ind_243_1	Protocol 1	45890	48039	39219	35146	34526	33638	30647	29019	22908	27206	26998	26701	18874	18076	16204	17316	17227	15265	13071	13793	7152	8107	27691	27
Ind_244_1	Protocol 1	54	69	43	57	39	43	40	39	37	24	23	39	19	32	19	21	29	18	19	11	12	6	24	0
Ind_245_1	Protocol 1	22	19	21	15	18	16	10	25	9	23	12	13	11	12	8	9	10	8	12	6	3	2	14	0
Ind_246_1	Protocol 1	1339	1418	1103	1099	1042	961	915	829	645	816	772	802	509	520	474	473	486	432	330	394	199	225	812	1
Ind_246_2	Protocol 1	619	570	435	464	453	430	368	388	277	346	328	317	266	240	211	200	200	191	162	156	104	109	326	2
Ind_248_1	Protocol 1	45	70	35	30	54	48	29	32	23	16	24	21	26	21	14	15	8	21	7	14	10	5	31	0
Ind_249_1	Protocol 1	12942	13975	11539	10892	10362	9857	8875	8713	6531	7707	7990	7678	5735	5208	4659	4548	4488	4511	3188	3620	2105	2055	8559	4
Ind_250_1	Protocol 1	2087	2201	1807	1764	1654	1600	1403	1347	1067	1244	1193	1249	903	805	684	744	689	741	480	552	319	320	1411	1
Ind_251_1	Protocol 1	46240	48652	40067	36839	35645	33874	31082	30005	22906	26947	27208	26769	19309	18162	16330	16539	16129	15656	11888	13299	7165	7658	29962	17
Ind_252_1	Protocol 1	22491	24241	19995	18892	17966	17020	15376	14794	11342	13577	13329	13279	9649	8960	7815	8123	7881	7733	5694	6522	3620	3682	14639	8
Ind_253_1	Protocol 1	14053	15143	12578	11804	11242	10662	9743	9049	7135	8375	8496	8550	6079	5578	4945	5045	4762	4947	3429	4106	2221	2244	4446	420
Ind_254_1	Protocol 1	19278	20338	16555	15179	14897	14215	12878	12486	9517	11419	11545	11248	7889	7619	6804	6962	7104	6539	5264	5797	2961	3349	6001	539
Ind_255_1	Protocol 1	21334	22074	18352	16877	16331	15540	14210	13716	10643	12675	12745	12397	8815	8459	7516	7751	7627	7059	5637	6310	4922	3554	13574	14
Ind_256_1	Protocol 1	124	158	123	117	106	127	71	102	71	68	81	81	62	50	57	56	48	50	32	38	15	24	54	4
Ind_257_1	Protocol 1	90378	93910	76616	70501	68917	65295	59834	57019	44538	53506	53377	52138	37161	35416	32673	33360	32937	30138	24479	26310	14019	15473	56566	39
Ind_258_1	Protocol 1	49697	52244	42184	39284	38061	35886	32874	31374	24495	29335	29502	28890	20621	19738	17746	17912	17848	16501	12987	14593	7722	8366	31821	19
Ind_259_1	Protocol 1	144542	148575	121681	110347	108275	104387	94718	89833	71087	84055	84211	83110	57592	56155	51565	53152	53868	46935	41295	42780	22138	24804	87805	94
Ind_260_1	Protocol 1	1389	1417	1146	1091	1069	1001	885	844	682	778	815	773	583	568	499	557	489	429	409	417	226	226	787	2
Ind_261_1	Protocol 1	5842	6247	5087	4668	4604	4328	4009	3740	3004	3539	3510	3448	2520	2404	2152	2102	2134	1981	1563	1736	896	956	3783	2
Ind_262_1	Protocol 1	24	29	28	33	26	27	14	14	13	20	17	17	12	11	14	14	11	10	7	7	4	3	22	0
Ind_263_1	Protocol 1	99418	103085	84078	76235	75684	71336	65701	62395	49683	59432	59002	57875	40590	39185	35612	36923	37247	32709	28614	29736	15508	17581	61662	50
Ind_264_1	Protocol 1	3415	3636	2944	2767	2724	2534	2251	2186	1702	2168	2113	1986	1416	1388	1205	1205	1257	1205	924	977	562	580	1052	92
Ind_265_1	Protocol 1	27357	28049	22713	20989	20246	19676	17641	16913	13413	15974	16186	15549	11024	10619	9716	9987	10126	8869	7716	7824	4259	4729	16716	17
Ind_266_1	Protocol 1	44	40	36	26	23	39	34	15	23	16	24	21	12	17	9	10	9	14	13	11	9	7	24	1
